date,temp_avg,humidity,rainfall,pressure,wind_speed
2019-01-01,26.4901424590337,67.99389764057082,5.037123774821532,1014.8119801241348,4.555054239875329
2019-01-02,24.722913945733122,71.3786627513896,9.965417123854618,1013.3923524410034,4.15960633223555
2019-01-03,27.218438507284045,70.57928617825017,5.353826922560643,1013.4621063746291,2.7924697146534894
2019-01-04,29.982046907010105,71.26267550109296,6.873340339406073,1013.7846844148038,5.388129227018706
2019-01-05,24.847959290248554,67.16698748275746,5.8469699376125455,1012.5581415795345,5.344698715837591
2019-01-06,24.985307519052032,71.41202285235642,6.8735654270263105,1014.2609395792597,6.314256052013246
2019-01-07,30.562452026101653,74.03651691793877,7.4170823603143585,1013.3207367611103,4.085381029374482
2019-01-08,28.263968546653548,79.05883871246549,8.90150251954278,1014.1905615607975,3.641279603351692
2019-01-09,24.68980701910126,76.855535712125,5.874241371348866,1013.0766044176582,4.867834461179945
2019-01-10,27.862150696072145,83.080544597522,5.485039921256238,1014.6258958680597,5.220274982319467
2019-01-11,24.980092075014436,68.73265934828193,5.808295573919214,1013.7439299153878,6.263935891349452
2019-01-12,25.10862441803518,77.18500383125206,10.170223187236097,1015.5589604438636,6.7870214246916465
2019-01-13,27.36672281364706,73.99327752672104,9.756516203712103,1013.040687382915,6.624688133644586
2019-01-14,21.03553137005993,84.27783736115084,7.485453159405481,1013.6483924220992,5.720386692900997
2019-01-15,21.734628630508503,69.53860006331348,7.551185735028544,1012.4457692851418,6.276844785516048
2019-01-16,25.35596377320658,69.63169021583893,7.953528344163586,1012.9814083526862,4.87021315546319
2019-01-17,24.13717189926957,71.08240913579148,6.20151852987942,1014.1626028629162,5.712311507543458
2019-01-18,28.25060146083069,63.70775787166011,10.78186642018443,1014.7062893033007,4.385674726473411
2019-01-19,24.71529757068668,71.94504326144053,6.999982942661504,1016.5748528010333,5.672527846199451
2019-01-20,23.333246189533043,71.02338161761698,6.9300305837328295,1013.5459104167616,5.731186020782742
2019-01-21,32.09712950351757,75.81481242629273,7.476002564027702,1012.7418323915426,7.397174404873196
2019-01-22,27.152080075951368,77.01392171153137,6.15723769511307,1014.46067800473,5.478369382862497
2019-01-23,28.160380957189155,84.92672233943952,6.472897038770564,1012.61162186528,5.829491923434633
2019-01-24,23.811062691308486,80.53707028458436,8.836068399578748,1014.335604200514,6.008288228199256
2019-01-25,26.578755740072236,73.13780155977759,6.377320518961606,1013.3007202622179,5.348155662523493
2019-01-26,28.670316590028133,71.76583068244297,8.099985245807181,1014.045982175605,5.031894472012986
2019-01-27,25.009224008136542,78.951229745789,6.861326844852176,1014.9565972872656,7.164362509947915
2019-01-28,29.7129287889603,70.12227409100295,7.330972539071609,1013.7857252544001,4.915541240520524
2019-01-29,26.90648609746639,86.11054789281452,7.071955196616845,1014.8599796261343,4.5991824701184285
2019-01-30,27.954789471546476,83.07820820534326,7.315298475793073,1014.8306262288507,6.637733059527058
2019-01-31,27.145084564591627,75.06075499187614,9.020454623757304,1012.1232195720108,7.145365942343965
2019-02-01,34.62620210434365,69.06439151232718,7.231155910767415,1013.1157411416687,5.56593223010357
2019-02-02,29.1468331847106,84.62059598131033,8.241533883508055,1012.4850243533357,5.610777727081221
2019-02-03,26.130908585438696,77.49737834681142,7.906735087995422,1016.0777474456067,6.3585538691833925
2019-02-04,31.887117241650525,84.4756112573816,8.836637785688215,1013.999478700898,5.3970179495920565
2019-02-05,25.871083100415877,70.52838805039492,12.223948563899292,1015.9142327255489,5.351690991970267
2019-02-06,30.272992972644673,75.71512898703814,9.380211362871488,1012.5286482663656,7.041193134893968
2019-02-07,23.878803124046783,78.94711880300237,7.268171287370385,1013.616684949373,6.796584474705146
2019-02-08,25.883256814225717,79.3620560205506,6.888789967993894,1015.0174519819961,7.528112626548357
2019-02-09,30.566957695134313,77.0803738692168,7.474478849333779,1014.4233681013085,4.9915044845162395
2019-02-10,32.29885814710765,82.64573417509015,8.714418206416727,1014.8037244945938,5.768402114869739
2019-02-11,30.70314133184976,74.39134126861174,7.051479239304493,1013.0434508882767,6.578438684339416
2019-02-12,29.946132098773504,79.2126218485277,8.356715766779214,1015.7000727293635,5.397648386710189
2019-02-13,29.492237863895696,80.71813244105367,8.840188536473956,1015.1259033334231,6.99057467482054
2019-02-14,26.060856166687053,82.87798567864874,7.874822057547202,1014.7757310399388,7.5987326216736655
2019-02-15,28.43613399122905,84.04994929621915,10.04567489944841,1013.7133063730215,5.815558681875946
2019-02-16,29.311336665374835,75.05163887503727,7.36040769637468,1014.7471133721696,6.461905184790583
2019-02-17,33.960518985024045,73.18408972076057,7.327153126472231,1014.1557980975983,7.902906766672942
2019-02-18,31.914191052417266,87.41963945395233,9.811545889324742,1012.8203428358902,8.27010562094697
2019-02-19,25.686656235484243,82.86615137534628,8.609256716415803,1014.4435213236717,7.239745426453514
2019-02-20,32.03869837601288,77.63215444439568,9.60700273690197,1014.3598812187346,7.110040790150734
2019-02-21,30.00007177382255,89.29698228087169,8.449492478909528,1015.601231163643,5.685093119082963
2019-02-22,29.211600807648328,82.28281093752592,7.906680060729389,1012.3261652598273,6.919801102599392
2019-02-23,33.16259412057682,87.76067077167079,10.792484367412722,1014.8170911423682,7.1387121542885525
2019-02-24,34.503887272885265,82.3580087296707,10.617126392444408,1013.4471541282437,6.3923520177883075
2019-02-25,34.286152829407484,92.47682550952035,9.807514816440326,1014.9423014602103,6.02830186345906
2019-02-26,29.054159856751397,91.09885251175223,8.099736889883307,1015.0172331621822,5.361655433127973
2019-02-27,30.721727883372818,81.22273865309175,9.277833638544353,1014.5754964756014,4.924611497680323
2019-02-28,32.718737539286515,87.46713083928896,8.417475168063078,1015.48852993608,4.733353297947794
2019-03-01,34.7251721135873,85.97413612083865,7.74155274379589,1013.4538681239554,7.279076755922317
2019-03-02,30.432588952670553,89.72461716179878,12.561691561902691,1015.8252483668333,6.865227241778383
2019-03-03,31.382673907845323,78.18722801804343,7.896629961827831,1014.0268338432651,6.251101577918097
2019-03-04,28.688128719135857,86.56863287715584,13.628656421678254,1013.1958847597986,6.420327112563847
2019-03-05,28.483920207304898,88.5531350833984,8.833404555411835,1014.4957390493869,6.978605561417211
2019-03-06,34.57342823885898,74.58602276477765,8.085404603205577,1012.6888051702391,6.619399621910503
2019-03-07,36.26576704293042,77.57817048145476,9.260232301260203,1015.0534356315507,5.458708559300659
2019-03-08,32.040080137680086,73.40904630323904,11.847325026972026,1014.5547771830251,7.727027845879571
2019-03-09,35.32362259915874,82.36488565055721,10.377599522816949,1016.0619428977467,7.1323821470404765
2019-03-10,33.45267837687598,87.40228059472933,11.048501515297419,1015.4908667859402,7.107841055247118
2019-03-11,30.4849742048182,91.42491051416809,9.933100481078394,1013.4630870299703,7.692646070516766
2019-03-12,33.55488464710864,84.37803233444275,10.15861935875184,1014.0292869665279,6.054029101586176
2019-03-13,37.13295816293307,92.2409185969849,11.603112149926245,1015.400376536418,8.093443553609633
2019-03-14,32.45729298208729,77.28343852033268,8.411268193361668,1015.7382717848393,6.751149922912047
2019-03-15,37.302383097803244,75.74893554765153,9.197604881227944,1016.1246139474771,7.790711912921182
2019-03-16,24.79064330046601,84.06578390439549,8.368730737987962,1016.1269789384892,7.646918686671466
2019-03-17,35.15474578410408,86.33727400278104,16.67450618642756,1014.8327369574968,5.883457739742046
2019-03-18,32.987060705953354,84.32262532435236,13.664147387605393,1015.2941354975609,7.434380280223845
2019-03-19,31.863489323414452,74.21374832757323,7.99064196796528,1016.2388663476469,7.266402514549699
2019-03-20,33.06808597098587,84.16590663002236,10.36776449190872,1014.644892448409,6.978512567839183
2019-03-21,26.860079988242575,78.14537762006059,13.120712139467482,1015.3354228699515,6.861324932975933
2019-03-22,32.19143609866034,88.06795979822434,8.34222506159053,1014.6357321608635,6.876719690825427
2019-03-23,33.94712824855198,86.60009848176563,9.631827285548082,1014.4179995190387,7.78163705914818
2019-03-24,37.33247767337644,80.11084270427301,12.90377885543302,1015.0230840030737,7.552609398579483
2019-03-25,31.364649305877883,82.27965283962682,8.038868532350483,1014.2923215388352,7.01034384044037
2019-03-26,30.512296866663892,79.58726553182423,10.367487542039568,1014.8535284460661,5.49250827236449
2019-03-27,31.448472124398005,84.59987311704342,8.688443650172282,1013.9534809492558,7.482879227871522
2019-03-28,35.71355832228365,89.71449654471388,13.15225433115289,1014.8018436051119,7.715451611472138
2019-03-29,33.9648531138443,80.03124436494461,15.076914764568972,1015.4430402398322,9.295060031663281
2019-03-30,31.398202757943398,87.4967638949227,13.769653625948642,1014.4081073061044,8.072303905416167
2019-03-31,34.53380238925754,82.33746207673306,9.283472844115966,1015.0077917750102,5.099323634563899
2019-04-01,33.28938066388325,81.03216336838665,11.960926919410388,1015.138879597581,7.077966402978425
2019-04-02,35.90586088948819,84.46470929627006,11.72282676580673,1015.4525163712937,8.811356508137361
2019-04-03,30.893173987605845,79.8225382677242,8.768431019003282,1014.8662534760043,7.6233821742111125
2019-04-04,32.01338380570555,82.22494768357446,11.529833924851378,1016.0849589032425,7.327744721747924
2019-04-05,31.814713265283796,78.99380627083126,8.07205873729292,1012.8968405697182,7.897988090085303
2019-04-06,28.592792442526783,94.79238307756282,9.80776876317179,1017.9335871688985,6.373456126739981
2019-04-07,33.86163204522709,85.1262012861712,8.512729187657081,1014.1221840394709,7.471407800135796
2019-04-08,33.74400830534525,81.42795212654754,8.24227146824538,1015.3936006455555,6.739742583209485
2019-04-09,32.961395164066694,85.96875229268232,8.139921234411009,1014.048045788329,6.966890212724354
2019-04-10,32.22515111182219,84.30507071144767,10.356698091356838,1015.6264962874963,7.810682643682016
2019-04-11,28.66330849570748,83.72531585581899,8.796684796834155,1015.2539243330596,6.050642077972499
2019-04-12,31.625649231414567,87.86005574967457,10.538117324332246,1014.3211827625826,8.259878773729598
2019-04-13,31.835268866259554,88.53143682993625,8.083959526918896,1016.0389404493702,6.543041142874421
2019-04-14,30.43007772549906,82.04169963662972,8.696361837771827,1014.795266503689,7.219890216441387
2019-04-15,32.32422727006092,81.76106705626214,9.478878680697203,1015.4992370393218,5.551513140989793
2019-04-16,33.989098143476106,83.20651446367769,11.044549256563158,1014.0270765880621,7.664073684129513
2019-04-17,38.4020599678241,73.00946092168303,8.671472563152511,1014.9049879304765,8.382379501994706
2019-04-18,33.23149782700871,76.87610291746948,9.856829818496772,1016.9303483643104,6.41229954791015
2019-04-19,33.44239370806667,91.21513859203206,12.218876768410428,1015.8804011630888,5.807212247464993
2019-04-20,32.40611022574507,92.53005351696311,9.77455600803551,1015.2149827487119,7.1853450580036
2019-04-21,26.830578994200252,82.98024350240068,8.375516025968214,1014.4478023324145,8.351533805016086
2019-04-22,32.462547520775715,87.02420196613514,7.877690257659572,1014.9530208226558,5.4356657212999355
2019-04-23,32.67574140018653,85.60947096714915,11.892607411634657,1015.0713286827632,5.767454511362521
2019-04-24,39.83551778575969,99.35526300784588,7.835169521434461,1015.3106762969957,6.4072583037644435
2019-04-25,31.817242883201384,89.46223539006928,11.92698769978762,1013.7719209362086,6.028237619855491
2019-04-26,33.245311035475986,83.12416643348708,9.25827831911729,1015.5035752130611,6.017981785509792
2019-04-27,32.180701731637996,78.88136724841112,13.327797575867976,1013.7316161618937,4.727088632524655
2019-04-28,28.720812305738878,75.5181054335824,10.916812453020304,1016.4378374569313,7.3957685520552365
2019-04-29,35.59518276942433,84.45490754035976,20.05190669389938,1014.0200502590529,7.130399084339453
2019-04-30,34.360257679096264,79.53910611302088,8.527929201585048,1015.0727429649352,5.077265445455341
2019-05-01,34.41319347291743,76.08891451161466,10.555087130143523,1015.7651669812251,8.217220167903317
2019-05-02,29.245488185290355,79.8427303594272,8.643216961373847,1014.4910325939542,8.424504952349132
2019-05-03,36.113519957207586,77.5393919026767,8.896800992720117,1015.0668842751996,5.975378706319709
2019-05-04,27.629024169621772,91.25054072161022,9.538032324505712,1016.1438258886897,7.8751929304766595
2019-05-05,33.52256374022532,87.0869346450432,11.67357530012397,1015.2549011025993,6.117500309715181
2019-05-06,38.25877071277903,82.49901898469646,15.788570511938529,1015.0274015885116,6.852967469048334
2019-05-07,28.63922461439921,89.79503367530879,10.403456816850179,1012.9679230026273,5.81694626242691
2019-05-08,29.83341122275901,82.63491230992683,8.531382541520031,1013.6993538501515,8.847327626354108
2019-05-09,31.750793665830482,77.79077818817285,8.513578990600882,1015.6598800202919,6.316942665311991
2019-05-10,29.859035947912332,89.55836334308752,10.06418414329518,1015.1623160329067,6.718814750388694
2019-05-11,26.63320854743132,84.47929804460401,7.902607805355332,1015.2927659839424,5.8833623226936025
2019-05-12,31.40476125535441,76.43702984887332,7.558785463262446,1015.185165014949,8.411083679970476
2019-05-13,27.92419776114603,80.5066358014401,8.167504501559861,1015.8175337539565,8.414391871670496
2019-05-14,32.442111912161614,76.91191114605634,7.9352186954316775,1014.2439337301089,8.136262836326956
2019-05-15,28.171503384087355,74.20433150790726,7.926495412010399,1014.6029439804865,7.438884370044813
2019-05-16,35.48626364774452,85.57425104895553,7.720794994178456,1013.430440775044,5.834325561238923
2019-05-17,28.391655432398984,90.31223690749007,7.2390403029025805,1013.1573312439156,7.263203923314342
2019-05-18,29.678484332240398,73.59091628251196,7.152822035985432,1012.7674265046263,6.4041244212896205
2019-05-19,32.98680146720483,83.21406458675753,15.879799638885537,1013.5013989547741,7.698971075516587
2019-05-20,26.753594326514264,76.9583882965461,8.158759722215253,1015.9141086344437,7.4774488723193935
2019-05-21,31.026890717520658,77.58533104437952,7.9742690475512354,1012.783400660611,5.686862150351143
2019-05-22,34.16267912051997,76.86537573694194,9.24213436888015,1014.0067767288409,7.258138517255387
2019-05-23,25.31398800220883,75.31086685014938,7.418614651591557,1012.990964102827,6.966143876517054
2019-05-24,30.58400409236359,79.67405035866166,12.876200951267055,1013.6565516661883,3.4839627662782204
2019-05-25,30.701925182451895,75.07451841739473,9.932639363641155,1014.4002629922787,7.031505839556118
2019-05-26,32.15846112113131,80.37664507727304,6.992199466956782,1013.5031322532448,5.771452337809638
2019-05-27,25.991429885705543,78.56558823714141,7.844485304944199,1015.2652353696014,5.289528050253273
2019-05-28,25.628808303981767,77.41184378423283,10.94720272399468,1015.6815226566582,5.304283931514906
2019-05-29,31.042538796132106,73.85602062594465,12.469890993472195,1011.8700827967643,5.983935629188322
2019-05-30,30.25287752802477,75.2947499252681,7.895696201824737,1013.4074885467302,6.5705404571679855
2019-05-31,29.997318936333095,81.73790685155778,8.492978489638674,1014.1206022185963,4.695998074131686
2019-06-01,30.16784375661775,80.2455218033597,6.913711951561156,1015.1582418080471,6.22197261824417
2019-06-02,26.969860342830735,72.63085097769388,15.962614812522952,1013.5482393517383,6.579241693084623
2019-06-03,29.58694274835253,77.79075213377648,6.985894451361436,1013.9526100189715,7.8343511978870115
2019-06-04,29.648493481286955,80.8243282319669,12.133497186009368,1012.7855747902958,4.865628846122598
2019-06-05,26.504199293988567,68.49157399702003,8.465346199462497,1012.3790175347546,5.562201200239114
2019-06-06,34.12147380823823,79.32458272715711,8.193200798795873,1015.326422258284,6.14270054139747
2019-06-07,29.821501482491797,73.06188630481408,7.712704525093545,1012.0259308060462,6.997410010130714
2019-06-08,24.700937178917023,78.99333272520012,6.752537932550789,1016.1473309260529,5.514488036459428
2019-06-09,30.118383039153223,72.08755836713442,6.569222370016135,1014.5123319526947,6.985821925303984
2019-06-10,25.097618710949753,66.64120897473687,6.631293692852909,1014.4353890059247,3.81805361393147
2019-06-11,30.2549636570655,67.28799377153071,6.497808119298403,1014.298896128954,4.470079268337649
2019-06-12,31.240685238388078,75.42460942336791,9.061318453157794,1013.4385389373405,6.0398689696756875
2019-06-13,25.17322090274111,76.23973974197536,6.85017672881974,1014.05090149415,4.247992466361186
2019-06-14,30.39498471521958,70.17502248851537,6.058487139473018,1013.4373173940872,4.451743555104937
2019-06-15,28.612045334997422,77.64365458298923,12.844306890874021,1014.1464989149874,5.065648774301042
2019-06-16,29.7080258815772,65.89585981664344,10.145333965649648,1013.5267748234897,6.331900342314256
2019-06-17,32.7997028897859,73.62458339768352,11.04630558579753,1012.5769828023543,3.631366144148725
2019-06-18,26.240013095838872,67.65025170840174,16.30116607954222,1012.6234717447002,5.664342723124265
2019-06-19,24.58123686877243,70.19540451444838,6.072984403844207,1012.4763389651688,6.49357528761403
2019-06-20,24.039624034641797,73.43980708817902,6.64972645610715,1014.3979425628139,5.232096622450634
2019-06-21,24.125952263452298,68.64802652048388,8.42962562034327,1012.7758991671282,5.024515549994613
2019-06-22,26.20682755756219,70.7737210647343,7.920890562019363,1011.4474300103664,5.761304454009699
2019-06-23,27.32591202795807,77.47356924014996,5.822646808402565,1013.7224526917258,5.133502973155594
2019-06-24,26.99646597334906,69.30252860618238,8.821223596732256,1014.8061159564294,6.6820981750804975
2019-06-25,28.511535166728724,76.10968322211443,5.894585866838916,1014.0305795440827,4.146083342770728
2019-06-26,25.932277732607282,66.02635083353734,5.841712529304371,1012.6199944490218,5.171673859078306
2019-06-27,30.116896230009544,74.06707213683441,6.823556218033271,1011.6022617840393,5.394759874595082
2019-06-28,24.825121334153835,78.36864029179145,7.029748486074227,1013.0205048551094,4.776318906620466
2019-06-29,33.6422137186952,58.54497665985045,6.916051523156313,1012.9612026766349,2.249143891774125
2019-06-30,27.221179907331262,66.66085721771557,5.32095850495562,1012.1168448556953,4.925139557959868
2019-07-01,22.635074852568216,73.2726372393097,9.276104943264247,1013.6026741826968,5.951813867366733
2019-07-02,21.856178480926175,69.11387802311536,5.6432239860000974,1014.8638404946079,5.795323179903395
2019-07-03,26.378561270620054,71.72662441352622,5.251588331272736,1013.2050687236808,5.3375644883928235
2019-07-04,24.12306412220539,66.59279746301391,9.31446087627867,1013.1088393265446,3.8505007611965123
2019-07-05,26.79782361824003,69.78761544229654,11.102286006492967,1011.9767274851571,5.309264996449423
2019-07-06,25.938006654794293,68.31841466255271,8.782213736852546,1014.2769881483288,4.306135623726177
2019-07-07,24.162421428161675,74.67811311979709,8.084215501766835,1012.7700828747231,5.19870994748174
2019-07-08,21.703324847257193,69.85405296924807,6.846214752945642,1012.2319632451714,4.932431511767317
2019-07-09,19.56218626896885,70.0131282035506,6.265852541774715,1012.8403703794082,3.8003067144732396
2019-07-10,22.630469724178294,66.00939250759896,4.7957652611469594,1013.2144649783414,3.8500478057379355
2019-07-11,26.402802807611423,65.37498092583942,5.612631409060906,1012.8476170148051,5.0634240605817675
2019-07-12,24.33982512888248,65.39510386682416,5.4442031184456825,1013.8805393697936,4.453272878834466
2019-07-13,19.824650978059537,69.27576192600804,5.062245089775883,1013.0244383810957,3.8001853978917466
2019-07-14,23.946159659204937,64.94498424899504,6.9804924906134085,1012.3227124095303,3.6838240306860146
2019-07-15,24.447784815668143,68.24606055288513,5.729302221515919,1012.9741503854473,4.269127321134192
2019-07-16,20.505982329551706,76.92241893976801,4.4781218837792816,1013.0390257606647,6.1074934542569865
2019-07-17,23.4849978739891,70.65029080994444,4.756325980918027,1011.2095797197743,3.9798776068261703
2019-07-18,23.06530221351394,64.41489994824069,6.5083437770104755,1013.6220887428077,4.458649476286396
2019-07-19,19.329243704914404,71.80260948283149,4.317677654792177,1012.1386346302402,4.541182937291078
2019-07-20,23.699659526856927,63.50893084578989,7.92025878826794,1012.1312511379476,3.2755479699610763
2019-07-21,24.17749725161809,55.11277171007333,5.4276529658166766,1013.1251619052042,2.6109534342856513
2019-07-22,25.61388587172959,60.018441212045026,5.321884828197591,1013.0883482598105,3.314542300815209
2019-07-23,25.39650765473884,55.46185570480972,5.7581392151639506,1011.6079436957925,4.555852752464837
2019-07-24,17.97328205029059,62.81672661884694,7.397154633699651,1013.0794741566862,4.363903596455875
2019-07-25,19.164861158622912,64.42647241788829,4.721712372278537,1011.6841359181026,4.946990638743136
2019-07-26,23.39638358837425,72.47833241152942,6.085736965876302,1014.0323924933857,4.309569341646184
2019-07-27,23.266510182211658,65.4942974865865,5.440118805623084,1011.353094101103,4.071738790899554
2019-07-28,23.14514033916171,62.52949225641237,4.34629527129348,1012.3894767817668,3.5459870451357647
2019-07-29,33.0340441971602,67.53924614066001,7.896266517829231,1011.3369447943913,5.003569221161703
2019-07-30,23.065417984011827,52.10572305233369,6.825580186980089,1014.3108822421182,3.169006474262365
2019-07-31,24.637420859150886,64.11068017543487,5.73505461574816,1010.8198600405651,2.9472814673562513
2019-08-01,23.971823633610086,66.56023536280448,7.3431933157571425,1012.5518173330355,4.594510103170722
2019-08-02,22.94423924635119,55.08844156941416,7.535515836103733,1011.2626059586306,2.664359062454794
2019-08-03,19.925693137952145,67.97783435079685,5.916303468771064,1011.6137675765203,6.382666216626927
2019-08-04,23.031067276184334,63.73153131504307,7.035983556756065,1012.3920777374212,4.018533284235277
2019-08-05,18.31960084806208,59.74495385238623,5.755438013122015,1013.1341035605449,4.2574252392435845
2019-08-06,19.812830080498564,64.77007039437878,5.600980796227201,1013.5042180374787,3.0724016506562606
2019-08-07,18.953731213278093,72.74688027045711,5.2065560343314035,1010.3155075041651,3.5371906199498047
2019-08-08,20.54334039981918,62.092552490905376,6.031085026374708,1012.0921807197795,3.3976723785326994
2019-08-09,27.130983194221145,62.21674198312784,3.54051616124779,1013.2562454769337,3.2549168858815127
2019-08-10,14.475927622518132,58.47392650284887,7.409238836214323,1010.0841198613114,4.402392551583171
2019-08-11,22.028678054356867,56.31933593373852,7.222718200498367,1012.0568578648631,3.29289833258305
2019-08-12,15.025414680538535,64.52085838417277,3.133202883376353,1011.7138067761067,4.733391802611054
2019-08-13,18.342953544959016,55.89223551231939,6.529825680923373,1012.1042290999616,6.352869635701653
2019-08-14,22.922340877193832,60.336873222893956,3.2717362221669113,1010.8915682462465,3.3683310314263846
2019-08-15,19.74665278147026,57.400111624019175,3.7739737365875694,1010.2028343528325,3.7907686946225922
2019-08-16,16.220515851116264,61.9956807254273,5.641473925660552,1009.7003311210469,3.9929196033915533
2019-08-17,17.209419991362676,61.08455637482708,3.233766039137594,1012.5652167332478,5.400337592379161
2019-08-18,21.297377937396334,64.42254601615006,6.25410410328926,1012.6686953091314,3.481998387609888
2019-08-19,16.97243967215669,56.50655469442894,6.380507931764985,1011.8435702408229,2.7118679721686623
2019-08-20,19.719599681957156,57.5322951608042,4.192724578073407,1010.9834076286147,2.251215472677104
2019-08-21,19.115380899455374,53.81617900810834,2.754812214638805,1009.8716204514703,3.4366823975037493
2019-08-22,16.934090054858206,56.320204507761304,3.3849888470520817,1012.035568236924,3.023842555365032
2019-08-23,25.232759937039653,60.26324184471866,4.594406864626356,1010.3494526344292,5.46024120656592
2019-08-24,20.61655822632432,62.00019525704604,10.589377370712672,1010.7174016650821,5.198562710519537
2019-08-25,12.555109329766257,53.44643042237264,4.60978290683028,1010.8210701928721,2.3732614445111713
2019-08-26,19.107523373740726,62.25083040571413,3.1822395550574,1011.1895048816612,2.676280003808932
2019-08-27,16.482336194127512,64.53011852233601,4.560660901545353,1010.6078834498995,3.4406940049950547
2019-08-28,20.946466414597396,59.671861535259865,4.073931417383614,1011.3807503735445,4.744518025110944
2019-08-29,15.935033949352807,66.84509687151078,5.519074022003021,1010.7063307406563,3.3851621775337786
2019-08-30,17.893798216774794,53.45231814418619,2.690546862532468,1012.0108749501331,2.6622612473058265
2019-08-31,19.680384478942756,50.96189393719551,5.299850452223485,1012.3224185744884,3.2324738505976214
2019-09-01,20.692128558111072,48.159266834729934,3.9691456539900445,1011.3822584199287,2.64523088000413
2019-09-02,14.425460229158098,64.40462677680608,8.978123599407366,1011.7192136979625,3.8590645720208387
2019-09-03,16.95639866068887,60.071645222167255,3.1966755680576155,1013.3578315416788,2.5309418803882235
2019-09-04,16.47070548548119,56.40121680600533,4.338555426801567,1010.0512820978797,2.713449302314047
2019-09-05,15.873297976399595,57.962253770575465,7.689804078932376,1009.9748533172501,4.370255231986278
2019-09-06,23.069516302245816,50.82221772863786,2.506238588356497,1011.8882862961275,2.4249234480365596
2019-09-07,18.93010809212914,68.56969044667089,7.804693963394888,1013.1253335773264,1.7326627072514056
2019-09-08,13.876679128519719,56.88235151898523,4.576020888937758,1010.9043341859425,3.259826499237518
2019-09-09,20.35926006361958,56.68261314012806,2.3676231340029363,1012.8782523978325,2.7909451514092174
2019-09-10,23.920677142734064,59.66797415392377,2.9239330397425416,1011.2349858567176,3.649967638853995
2019-09-11,20.602345011289987,58.35182596425209,4.65253795135633,1010.4453500253701,3.443709242140227
2019-09-12,12.899800955014596,56.97800297053934,2.3111684246182604,1010.1237853245814,3.082559218575797
2019-09-13,15.960405141303871,51.82220402259087,3.900278718153413,1011.7326904248625,3.042233414505661
2019-09-14,21.171285474516303,58.052126836223295,2.987895273131386,1010.1776789389564,2.356779557416274
2019-09-15,15.207249067245286,65.02935522756572,4.063838929987781,1011.1638412087924,3.1659114370186496
2019-09-16,18.623693895925495,62.27504200231266,2.203230832863464,1012.6565239282558,3.9543436843044715
2019-09-17,19.580399896095496,63.446866387836025,6.200412340681632,1010.7573440410805,2.0906776925523953
2019-09-18,14.442263012233262,52.86214866840816,9.344034160401499,1012.3697730813857,3.0503662303803436
2019-09-19,17.013339526755654,50.411817639221574,9.011639677086396,1009.8334354090088,4.086367654469875
2019-09-20,7.439288446628863,54.676860024819405,4.83096423898599,1010.5068635153922,3.5461967099257192
2019-09-21,14.063424660157274,55.53472628174374,2.3299427417276646,1009.6270028698251,4.343619792390749
2019-09-22,16.354710346109876,60.68173534289729,4.881967012429229,1011.1011004560457,2.459961370238005
2019-09-23,13.347229732246728,46.707512997940796,2.0837556738680014,1011.802722999252,1.1918763711404532
2019-09-24,21.96832139984727,62.78104063740125,2.071401703488584,1011.0929589596193,3.218423675968778
2019-09-25,12.763521071978786,54.311107768093834,2.8022009926322173,1012.2405363614353,3.3760571164916566
2019-09-26,15.719024051103471,52.939014983752436,3.356059416541268,1010.2606101371695,4.378211332271281
2019-09-27,17.418950517824914,49.98959459738661,4.952921139905204,1011.2320249501807,4.194827931198644
2019-09-28,21.340482580275207,46.75695922769027,4.3058199711854614,1010.4766963546554,3.540909301281677
2019-09-29,12.701375821781413,59.132657186034066,3.1841908280363165,1011.3639171542536,3.767630783000367
2019-09-30,20.49312101096602,55.37339562563166,2.6407434830547425,1011.5046434848377,2.809085980418646
2019-10-01,17.03136591382086,48.55144562147366,13.703307547349745,1011.5825626426746,1.7810520713713076
2019-10-02,14.055548128966628,48.52474504363907,3.110911361011498,1009.929424182292,3.11773973790853
2019-10-03,18.388162406950684,53.324548973850995,3.2014185909094133,1010.1107168942536,3.9830364596679955
2019-10-04,17.603178996802942,63.356357457851715,2.3596035511900606,1010.2972122693295,3.657860847349182
2019-10-05,15.211865999279102,53.72551192584851,5.172327137807924,1010.7642484098222,3.836936496848236
2019-10-06,17.23080647010481,47.524410637787135,4.374289556748682,1011.0925364579901,2.577594366736937
2019-10-07,15.876707240237288,53.83249973736259,2.5111400704648146,1011.7162511295624,2.7426151696872183
2019-10-08,17.38680878060213,53.72311354785237,2.1892923931229014,1010.163465486873,3.4949896743266997
2019-10-09,19.04861434821968,41.63223364402316,4.305325013220683,1009.4145362834623,2.469048186655381
2019-10-10,21.838590487737232,54.87953824110065,4.155792703584227,1013.1758781730321,2.504417939892292
2019-10-11,13.387757964367562,54.03508571304681,2.6763233701655205,1009.8938480945596,3.323283351589479
2019-10-12,23.523309589952063,58.7139245727857,8.072887362513942,1011.8673760894914,3.7919571096527234
2019-10-13,11.29328483925962,64.52518342065258,2.3836091555744736,1011.0686539367055,2.837858386127373
2019-10-14,16.721857982847993,60.96510002515393,3.198901920489853,1011.2956089577951,1.881113855935047
2019-10-15,18.972147978074364,54.04404971963954,7.8288355000820475,1011.0502485838192,2.315995174612329
2019-10-16,18.082464228393043,49.91641162851904,3.178322519832579,1010.6750302743498,3.2635442411900843
2019-10-17,15.405981939299377,68.38069995142648,4.137910222495641,1011.5324924076137,3.260041088556255
2019-10-18,16.686594977949767,55.87914541198793,3.130259254401377,1010.6391532259981,3.3189785699107466
2019-10-19,15.871118583288254,55.72612406068614,2.772298980358045,1012.253833094053,3.6088256374119445
2019-10-20,15.623453598806135,55.61352682002268,10.414371509378087,1011.666327973666,3.1036975259521427
2019-10-21,19.98403519164593,56.806477992432136,3.216219989409418,1011.7084013384272,3.3738632699860265
2019-10-22,18.55219799435998,55.180357071251855,6.670936839870579,1010.6131648240596,3.0752610612873426
2019-10-23,15.450573383634637,53.12413153325494,2.7210999384990053,1010.8959708052652,4.2810590252835885
2019-10-24,20.27846615766618,53.35258004011009,2.696695112020126,1009.9570038241995,4.577258664059109
2019-10-25,18.55412826089675,56.021664333170484,2.3003442350412064,1010.8050413678412,1.969046142186696
2019-10-26,20.12556245103421,53.57095632155117,4.366807753195978,1010.1351681072731,2.916492081527079
2019-10-27,19.63277602334975,52.83056389457464,3.1983566699364943,1012.4990408899835,3.2186968659354354
2019-10-28,15.315968010015837,57.03768809367583,6.296583508696857,1011.2512740762895,2.9338235486811923
2019-10-29,16.183606107732704,55.34539371600249,3.6059621900269807,1011.3865345421214,5.008959898411776
2019-10-30,20.169340735822875,64.25895229376299,9.24396215257151,1011.0067184527633,3.455820258203007
2019-10-31,19.823977155146448,43.60677538087129,2.782749241088947,1011.445795511763,2.44284476266117
2019-11-01,17.997644380270778,62.445688938668354,6.457001945271029,1013.7299649263985,3.8615296301014768
2019-11-02,18.481870483719923,63.348966588351104,5.421262734521186,1010.9823317990559,3.553446622294587
2019-11-03,22.034457955145054,46.885792465046336,5.397932813197489,1010.6499527822349,3.6045587364983662
2019-11-04,16.500338588416685,55.67728594508108,6.204010004725743,1011.8484563216365,5.126639347530234
2019-11-05,19.99192713258365,55.67523627453393,5.36927234611003,1008.8119401136659,3.6884439230231933
2019-11-06,17.821609616279,50.640293226874675,4.503747840939884,1011.4210036803061,3.0533853695211746
2019-11-07,17.854643918259452,53.93783067693521,2.8467707948330814,1011.0052089786924,1.4216454556751772
2019-11-08,21.885441850564156,52.42670445005071,2.6620505621759407,1010.4049645576144,3.2318788055071344
2019-11-09,21.148683792909868,66.89716736576645,7.699929633358196,1011.925866356798,4.724078603813634
2019-11-10,21.198162099435706,62.97395419967566,4.5767278256492325,1011.4933967163042,3.348239178302261
2019-11-11,22.761117806391482,64.81655307171172,5.876300597211465,1009.658761438738,1.2211204477126207
2019-11-12,18.996565057069777,62.233773193037734,4.038799295103901,1010.8368588618505,2.985025990850428
2019-11-13,21.07008221231245,53.15015982846553,3.0086420652583508,1008.6177846194141,4.498744363519682
2019-11-14,18.185863546507747,56.346143324141345,3.0612364293407195,1011.8224352682055,4.074983128634043
2019-11-15,20.18334675109803,61.592212231700906,5.1430255150016855,1011.8360113418483,2.71283102689744
2019-11-16,18.916317858642746,53.21451162131365,3.9903415730030556,1010.7834048616028,3.011401979037368
2019-11-17,19.69532127856498,63.07311724508723,3.349224368628331,1012.1411960575798,3.1903746867942893
2019-11-18,21.289048938521404,58.492581500854314,4.291793725147659,1010.3433958444311,2.963180693689735
2019-11-19,17.149788999636016,58.009241679757835,3.1093952450880824,1010.6845957363992,1.6214388945945264
2019-11-20,25.98408488111815,63.63028056738327,4.759507009923064,1012.093921227898,4.4403218641352975
2019-11-21,16.79291136722104,62.49187314190547,3.6807769101199694,1011.0140741229671,4.95980083461913
2019-11-22,16.273975754515384,58.66368465755193,6.28831767739339,1011.6664784420173,2.2106864542549047
2019-11-23,23.49795863297326,66.46594779020822,3.8770365490377836,1011.1922574756919,4.999759435704578
2019-11-24,22.5071731209678,55.46753031027362,4.389316408045246,1011.3721151034706,3.6800230583725315
2019-11-25,22.114545955470355,64.15877773030985,3.2391971112195694,1011.4433224101234,5.035678974246347
2019-11-26,22.238634340162427,64.2535021880349,3.4080096242519917,1011.1316426958742,3.876349889382843
2019-11-27,20.42964563113031,59.95174145906327,4.296679725298079,1012.1690462017779,4.002141079576393
2019-11-28,17.888754380201544,63.344135413696286,4.650311758057164,1011.2672008869108,4.267564020646972
2019-11-29,20.923372302274785,55.674354544999,5.218668692368929,1011.939676370719,3.1339233317881234
2019-11-30,18.781190006539262,66.76890098555126,4.119422608052266,1011.2244371038945,5.147842929596921
2019-12-01,23.85599164943642,61.445425160003495,5.848755397222059,1010.4483594859113,2.8612774742210068
2019-12-02,20.608623454213763,59.979751645005145,7.452648358326272,1012.9248841489392,3.6103821551633746
2019-12-03,18.69363768869616,68.06403852744762,6.590699757047776,1012.5420593048638,4.5667969974115925
2019-12-04,20.327440307818208,59.52502748374343,3.6901992200868525,1014.361581526992,3.5637042177088336
2019-12-05,22.652959628903588,56.23425339207604,4.9651156577829845,1011.059568476521,4.8810725573341225
2019-12-06,19.846621601184623,55.72522024412401,3.9233803239677973,1011.9254883275671,5.510314988083093
2019-12-07,19.19578999240217,66.77214571754345,4.302681757732485,1012.0371053139196,5.178158795829202
2019-12-08,22.51915772082795,57.57553339942898,12.429901342840946,1013.1863934598701,2.260908707909431
2019-12-09,22.64959246337731,72.98901981626771,4.150467585615295,1011.7215652933802,4.354520157132143
2019-12-10,20.521374130761227,54.044484817221296,5.272678283745996,1011.0895090600428,5.289233524915046
2019-12-11,20.757476105734053,73.17714000880461,5.864456503393457,1013.5004570641083,2.9758989088251986
2019-12-12,22.995966615320004,65.99224384210139,6.4118779309331355,1012.0083041715505,5.048564788040649
2019-12-13,18.085589681969108,64.69738951526256,5.676555862999125,1013.2361041863413,5.024921458254582
2019-12-14,18.33823887962002,62.70158619611091,4.104874116800258,1013.1523559514795,3.178067658749156
2019-12-15,20.536807873197816,67.66844407855122,4.924972373353891,1012.3931446603365,5.2572677999789414
2019-12-16,22.183993284591615,65.73245412486419,5.6425517145430515,1012.281769979897,4.728781478461724
2019-12-17,23.88989633586451,71.68620998333978,4.4178779488595366,1012.0977286034378,5.139675198488892
2019-12-18,27.516686522801056,66.99104675322096,5.1474774841495154,1012.5074613392181,3.5563420822229674
2019-12-19,25.797606765572723,67.4226861122469,4.401769152398549,1013.4192572001623,4.706293090363051
2019-12-20,22.879348411160763,65.10537144090144,4.548361879610317,1011.7933508192032,2.8849124461304374
2019-12-21,23.43713769754598,66.891871233746,5.446741577541458,1012.7323922105226,2.346555372780461
2019-12-22,20.62206675263475,68.96961168173813,4.770897579304889,1011.5387822834382,4.798242138164794
2019-12-23,23.709990026708585,59.13452572675266,6.213608345843398,1011.6972761256293,5.791979965432748
2019-12-24,23.035793906333467,61.199891307772454,6.927080809977072,1012.6945034586178,4.97837927003855
2019-12-25,25.006491321819446,71.91319979662327,7.8641273035234605,1010.7994259019074,4.696137846257149
2019-12-26,21.69349358976355,69.30780172892818,5.137357656173388,1014.8543552217212,4.606262485050256
2019-12-27,25.870321152823944,67.79061133717491,5.1087078740578145,1011.6350104476148,3.885505011082041
2019-12-28,29.047797324589165,69.06013326329216,5.014490354163189,1012.8223066337388,4.640534242600052
2019-12-29,24.260762216843396,70.96361351845954,6.868709227738499,1014.0649783873704,5.318445133817937
2019-12-30,25.929762273314857,66.784877424112,7.3483250441549615,1012.068251438004,4.49593454395388
2019-12-31,26.932725125886655,65.8502760306509,5.012551425004558,1010.6628762981436,5.716160141524106
